timestamp,Biomarker,Figure,Status
2026-01-01 07:00,TST,7.2,정상
2026-01-01 07:00,SL,15,정상
2026-01-01 07:00,SE,89.6,정상
2026-01-01 07:00,WASO,34,경고
2026-01-01 07:00,Sleep Onset/Offset,22:46/06:30,정상
2026-01-01 07:10,Self-reported sleep quality,8,정상
2026-01-01 07:10,Self-reported sleep duration,7.2,정상
2026-01-01 08:00,HbA1c,5.23,정상
2026-01-01 08:00,Troponin,4.5,정상
2026-01-01 08:00,CK-MB,2.2,정상
2026-01-01 08:00,PSA,1.17,정상
2026-01-01 08:00,AFP,2.9,정상
2026-01-01 08:00,CEA,1.5,정상
2026-01-01 08:00,LDL-cholesterol,95,정상
2026-01-01 08:00,ApoB,82,정상
2026-01-01 08:00,Creatinine,0.92,정상
2026-01-01 08:00,BUN,13,정상
2026-01-01 08:10,Urine albumin,9.7,정상
2026-01-01 08:10,Urine glucose,6.8,정상
2026-01-01 08:10,Urine occult blood / RBC,1,정상
2026-01-01 09:00,Blood cell count,22,정상
2026-01-01 09:00,Immune cell composition,27,정상
2026-01-01 09:00,Inflammatory & immune markers,31,정상
2026-01-01 09:00,Cellular stress markers,47,경고
2026-01-01 09:30,Openness,7.2,정상
2026-01-01 09:30,Conscientiousness,8.1,정상
2026-01-01 09:30,Extraversion,5.9,정상
2026-01-01 09:30,Agreeableness,7.6,정상
2026-01-01 09:30,Neuroticism,3.4,정상
2026-01-01 10:00,CIMT,0.71,정상
2026-01-01 11:00,Visual input,99,정상
2026-01-01 11:00,Vestibular input,100,정상
2026-01-01 11:00,Somatosensory input,98,정상
2026-01-01 11:00,Sensory reweighting,97,정상
2026-01-01 11:00,Postural stability,99,정상
2026-01-01 22:30,Mood,6,정상
2026-01-01 22:30,Team cohesion,8,정상
2026-01-01 22:30,Habitability,7,정상
2026-01-02 07:00,TST,7.4,정상
2026-01-02 07:00,SL,7,정상
2026-01-02 07:00,SE,96.9,정상
2026-01-02 07:00,WASO,7,정상
2026-01-02 07:00,Sleep Onset/Offset,23:20/06:49,정상
2026-01-02 07:10,Self-reported sleep quality,6,정상
2026-01-02 07:10,Self-reported sleep duration,7.8,정상
2026-01-02 08:00,HbA1c,5.22,정상
2026-01-02 08:00,Troponin,3.9,정상
2026-01-02 08:00,CK-MB,1.4,정상
2026-01-02 08:00,PSA,1.36,정상
2026-01-02 08:00,AFP,3.0,정상
2026-01-02 08:00,CEA,1.3,정상
2026-01-02 08:00,LDL-cholesterol,104,정상
2026-01-02 08:00,ApoB,82,정상
2026-01-02 08:00,Creatinine,0.91,정상
2026-01-02 08:00,BUN,15,정상
2026-01-02 08:10,Urine albumin,9.1,정상
2026-01-02 08:10,Urine glucose,1.5,정상
2026-01-02 08:10,Urine occult blood / RBC,1,정상
2026-01-02 08:30,Fecal (Gut) microbiome,2.4,경고
2026-01-02 08:30,Salivary (Oral) microbiome,3.1,정상
2026-01-02 08:30,General body (Skin/Surface) microbiome,2.8,정상
2026-01-02 22:30,Mood,7,정상
2026-01-02 22:30,Team cohesion,7,정상
2026-01-02 22:30,Habitability,7,정상
2026-01-03 07:00,TST,7.9,정상
2026-01-03 07:00,SL,6,정상
2026-01-03 07:00,SE,95.1,정상
2026-01-03 07:00,WASO,19,정상
2026-01-03 07:00,Sleep Onset/Offset,22:14/06:25,정상
2026-01-03 07:10,Self-reported sleep quality,7,정상
2026-01-03 07:10,Self-reported sleep duration,8.0,정상
2026-01-03 08:00,HbA1c,5.2,정상
2026-01-03 08:00,Troponin,5.8,정상
2026-01-03 08:00,CK-MB,2.7,정상
2026-01-03 08:00,PSA,1.26,정상
2026-01-03 08:00,AFP,2.6,정상
2026-01-03 08:00,CEA,1.7,정상
2026-01-03 08:00,LDL-cholesterol,99,정상
2026-01-03 08:00,ApoB,78,정상
2026-01-03 08:00,Creatinine,1.02,정상
2026-01-03 08:00,BUN,15,정상
2026-01-03 08:10,Urine albumin,11.8,정상
2026-01-03 08:10,Urine glucose,42,경고
2026-01-03 08:10,Urine occult blood / RBC,1,정상
2026-01-03 10:00,Motor Praxis (MP),94,정상
2026-01-03 10:06,Visual Object Learning Test (VOLT),91,정상
2026-01-03 10:12,Fractal 2-Back (F2B),88,정상
2026-01-03 10:18,Abstract Matching (AM),92,정상
2026-01-03 10:24,Line Orientation Test (LOT),90,정상
2026-01-03 10:30,Emotion Recognition Task (ERT),95,정상
2026-01-03 10:36,Matrix Reasoning Test (MRT),89,정상
2026-01-03 10:42,Digit Symbol Substitution Test (DSST),87,정상
2026-01-03 10:48,Balloon Analog Risk Task (BART),90,정상
2026-01-03 10:54,Psychomotor Vigilance Test (PVT),78,경고
2026-01-03 22:30,Mood,7,정상
2026-01-03 22:30,Team cohesion,8,정상
2026-01-03 22:30,Habitability,7,정상
2026-01-04 07:00,TST,5.2,위험
2026-01-04 07:00,SL,38,경고
2026-01-04 07:00,SE,73.8,위험
2026-01-04 07:00,WASO,72,위험
2026-01-04 07:00,Sleep Onset/Offset,00:06/06:28,경고
2026-01-04 07:10,Self-reported sleep quality,3,위험
2026-01-04 07:10,Self-reported sleep duration,5.0,위험
2026-01-04 08:00,HbA1c,5.17,정상
2026-01-04 08:00,Troponin,4.9,정상
2026-01-04 08:00,CK-MB,1.7,정상
2026-01-04 08:00,PSA,1.27,정상
2026-01-04 08:00,AFP,3.2,정상
2026-01-04 08:00,CEA,1.5,정상
2026-01-04 08:00,LDL-cholesterol,97,정상
2026-01-04 08:00,ApoB,80,정상
2026-01-04 08:00,Creatinine,1.0,정상
2026-01-04 08:00,BUN,12,정상
2026-01-04 08:10,Urine albumin,10.6,정상
2026-01-04 08:10,Urine glucose,4.0,정상
2026-01-04 08:10,Urine occult blood / RBC,0,정상
2026-01-04 22:30,Mood,4,경고
2026-01-04 22:30,Team cohesion,8,정상
2026-01-04 22:30,Habitability,6,정상
2026-01-05 07:00,TST,6.9,정상
2026-01-05 07:00,SL,10,정상
2026-01-05 07:00,SE,91.7,정상
2026-01-05 07:00,WASO,28,정상
2026-01-05 07:00,Sleep Onset/Offset,23:11/06:36,정상
2026-01-05 07:10,Self-reported sleep quality,9,정상
2026-01-05 07:10,Self-reported sleep duration,6.8,정상
2026-01-05 08:00,HbA1c,5.19,정상
2026-01-05 08:00,Troponin,2.3,정상
2026-01-05 08:00,CK-MB,6.2,경고
2026-01-05 08:00,PSA,1.2,정상
2026-01-05 08:00,AFP,2.7,정상
2026-01-05 08:00,CEA,1.1,정상
2026-01-05 08:00,LDL-cholesterol,94,정상
2026-01-05 08:00,ApoB,80,정상
2026-01-05 08:00,Creatinine,0.92,정상
2026-01-05 08:00,BUN,15,정상
2026-01-05 08:10,Urine albumin,9.6,정상
2026-01-05 08:10,Urine glucose,4.4,정상
2026-01-05 08:10,Urine occult blood / RBC,0,정상
2026-01-05 22:30,Mood,8,정상
2026-01-05 22:30,Team cohesion,8,정상
2026-01-05 22:30,Habitability,6,정상
2026-01-06 07:00,TST,7.6,정상
2026-01-06 07:00,SL,15,정상
2026-01-06 07:00,SE,93.1,정상
2026-01-06 07:00,WASO,19,정상
2026-01-06 07:00,Sleep Onset/Offset,22:35/06:29,정상
2026-01-06 07:10,Self-reported sleep quality,9,정상
2026-01-06 07:10,Self-reported sleep duration,7.7,정상
2026-01-06 08:00,HbA1c,5.21,정상
2026-01-06 08:00,Troponin,8.4,정상
2026-01-06 08:00,CK-MB,0.9,정상
2026-01-06 08:00,PSA,1.16,정상
2026-01-06 08:00,AFP,3.4,정상
2026-01-06 08:00,CEA,1.3,정상
2026-01-06 08:00,LDL-cholesterol,99,정상
2026-01-06 08:00,ApoB,81,정상
2026-01-06 08:00,Creatinine,1.34,경고
2026-01-06 08:00,BUN,23,경고
2026-01-06 08:10,Urine albumin,10.5,정상
2026-01-06 08:10,Urine glucose,3.7,정상
2026-01-06 08:10,Urine occult blood / RBC,12,위험
2026-01-06 22:30,Mood,7,정상
2026-01-06 22:30,Team cohesion,7,정상
2026-01-06 22:30,Habitability,7,정상
2026-01-07 07:00,TST,6.6,정상
2026-01-07 07:00,SL,22,경고
2026-01-07 07:00,SE,87.0,정상
2026-01-07 07:00,WASO,37,경고
2026-01-07 07:00,Sleep Onset/Offset,23:18/06:30,정상
2026-01-07 07:10,Self-reported sleep quality,6,정상
2026-01-07 07:10,Self-reported sleep duration,6.8,정상
2026-01-07 08:00,HbA1c,5.22,정상
2026-01-07 08:00,Troponin,8.3,정상
2026-01-07 08:00,CK-MB,1.9,정상
2026-01-07 08:00,PSA,1.08,정상
2026-01-07 08:00,AFP,3.0,정상
2026-01-07 08:00,CEA,1.4,정상
2026-01-07 08:00,LDL-cholesterol,93,정상
2026-01-07 08:00,ApoB,78,정상
2026-01-07 08:00,Creatinine,1.01,정상
2026-01-07 08:00,BUN,15,정상
2026-01-07 08:10,Urine albumin,10.7,정상
2026-01-07 08:10,Urine glucose,5.0,정상
2026-01-07 08:10,Urine occult blood / RBC,0,정상
2026-01-07 11:00,Visual input,96,정상
2026-01-07 11:00,Vestibular input,82,경고
2026-01-07 11:00,Somatosensory input,91,정상
2026-01-07 11:00,Sensory reweighting,88,경고
2026-01-07 11:00,Postural stability,72,위험
2026-01-07 22:30,Mood,7,정상
2026-01-07 22:30,Team cohesion,7,정상
2026-01-07 22:30,Habitability,7,정상
