biomarker,Status,Instruction
TST,경고,"수면 시간이 부족합니다. 오늘은 고강도 작업을 줄이고, 취침 전 조명을 낮춰 충분히 주무세요."
TST,위험,수면 시간이 심각하게 부족합니다. EVA와 정비 같은 안전 필수 작업을 보류하고 CMO에게 보고하세요. 지상 비행 의사와 수면 보충 계획을 상의하세요.
SL,경고,잠드는 데 시간이 오래 걸리고 있습니다. 취침 1시간 전에는 화면 사용과 격한 운동을 피하고 조명을 낮추세요.
SL,위험,"잠드는 데 매우 오래 걸립니다. 침실의 소음, 조명, 온도를 점검하고 CMO에게 보고하세요."
SE,경고,수면 효율이 낮습니다. 침상에 머무는 시간을 줄이고 취침과 기상 시각을 일정하게 유지하세요.
SE,위험,수면 효율이 매우 낮습니다. 수면 환경을 점검하고 CMO에게 보고하세요. 필요하면 지상 비행 의사와 상담하세요.
WASO,경고,자다가 깨어 있는 시간이 깁니다. 취침 전 카페인을 피하고 침실 환경을 확인하세요.
WASO,위험,자다가 깨어 있는 시간이 매우 깁니다. 수면 환경을 점검하고 CMO에게 보고하세요. 낮 동안 졸음이 심하면 정밀 작업을 보류하세요.
Sleep Onset/Offset,경고,취침 또는 기상 시각이 평소에서 벗어났습니다. 조명 스케줄을 확인하고 내일은 정해진 시각에 맞추세요.
Sleep Onset/Offset,위험,생체 리듬이 크게 흐트러졌습니다. 조명 스케줄 조정 필요성을 CMO와 지상에 보고하세요.
HbA1c,경고,평균 혈당 지표가 높습니다. 식단에서 당 섭취를 줄이고 다음 검사 결과를 확인하세요.
HbA1c,위험,혈당 조절 이상 가능성이 있습니다. 식단을 즉시 조정하고 CMO에게 보고하세요. 지상 비행 의사의 확인을 받으세요.
Troponin,경고,심근 손상 지표가 상승했습니다. 격한 운동을 중단하고 안정을 취한 뒤 재검사하세요.
Troponin,위험,심근 손상 가능성이 있습니다. 즉시 모든 활동을 멈추고 안정을 취하세요. CMO를 호출하고 지상 비행 의사에게 긴급 보고하세요. 흉통이나 호흡곤란이 있으면 바로 알리세요.
CK-MB,경고,심장 근육 관련 지표가 높습니다. 운동 강도를 낮추고 재검사하세요. 근육통이 있으면 함께 보고하세요.
CK-MB,위험,심장 근육 손상 가능성이 있습니다. 즉시 활동을 멈추고 안정을 취하세요. CMO를 호출하고 지상 비행 의사에게 긴급 보고하세요.
PSA,경고,전립선 관련 지표가 높습니다. 다음 검사에서 재확인하고 결과를 CMO와 공유하세요.
PSA,위험,전립선 관련 지표가 크게 높습니다. CMO에게 보고하고 지상 비행 의사와 추가 검사 계획을 상의하세요.
AFP,경고,종양 지표가 기준보다 높습니다. 재검사하고 결과를 CMO와 공유하세요.
AFP,위험,종양 지표가 크게 높습니다. CMO에게 보고하고 지상 비행 의사와 추가 검사를 상의하세요.
CEA,경고,종양 지표가 기준보다 높습니다. 재검사하고 결과를 CMO와 공유하세요.
CEA,위험,종양 지표가 크게 높습니다. CMO에게 보고하고 지상 비행 의사와 추가 검사를 상의하세요.
LDL-cholesterol,경고,LDL 콜레스테롤이 높습니다. 포화지방 섭취를 줄이고 유산소 운동을 유지하세요.
LDL-cholesterol,위험,LDL 콜레스테롤이 매우 높습니다. CMO에게 보고하고 지상 비행 의사와 식단과 치료 계획을 상의하세요.
ApoB,경고,ApoB 수치가 높습니다. 식단의 지방 섭취를 점검하고 운동을 유지하세요.
ApoB,위험,ApoB 수치가 매우 높습니다. CMO에게 보고하고 지상 비행 의사와 심혈관 위험 관리를 상의하세요.
Urine albumin,경고,소변 단백이 검출됩니다. 수분을 충분히 마시고 격한 운동을 피한 뒤 재검사하세요.
Urine albumin,위험,소변 단백이 많이 검출됩니다. 크레아티닌과 BUN을 함께 확인하고 CMO에게 보고하세요. 지상 비행 의사와 상담하세요.
Urine glucose,경고,소변에서 포도당이 검출됩니다. 당 섭취를 줄이고 혈당 관련 지표를 확인하세요.
Urine glucose,위험,소변 포도당이 많이 검출됩니다. 혈당 이상 가능성이 있으니 CMO에게 보고하고 지상 비행 의사와 상담하세요.
Urine occult blood / RBC,경고,소변에서 적혈구가 검출됩니다. 수분을 충분히 마시고 통증이나 발열이 있는지 확인한 뒤 재검사하세요.
Urine occult blood / RBC,위험,소변에 혈액이 다량 검출됩니다. 통증과 발열을 확인하고 수분을 충분히 마시세요. CMO에게 보고하고 지상 비행 의사와 상담하세요.
Creatinine,경고,크레아티닌이 정상 범위를 벗어났습니다. 수분을 충분히 마시고 격한 운동을 피한 뒤 BUN과 함께 재검사하세요.
Creatinine,위험,신장 기능 이상 가능성이 있습니다. 수분 섭취와 소변량을 확인하고 CMO에게 보고하세요. 지상 비행 의사와 상담하세요.
BUN,경고,요소질소가 정상 범위를 벗어났습니다. 수분을 충분히 마시고 크레아티닌과 함께 재검사하세요.
BUN,위험,신장 기능 이상이나 탈수 가능성이 있습니다. 수분 섭취와 소변량을 확인하고 CMO에게 보고하세요. 지상 비행 의사와 상담하세요.
CIMT,경고,"경동맥 두께가 증가한 상태입니다. 운동, 식단, 지질 지표를 점검하고 검사 주기를 단축하세요."
CIMT,위험,동맥경화 위험이 높습니다. CMO에게 보고하고 지상 비행 의사와 상담하세요. 측정 주기를 월 단위로 단축하세요.
Blood cell count,경고,혈액세포 수치가 정상 범위를 벗어났습니다. 발열이나 기침 같은 증상을 확인하고 재검사하세요.
Blood cell count,위험,혈액세포 수치가 크게 벗어났습니다. CMO에게 보고하고 동료와 접촉을 줄이세요. 지상 비행 의사와 상담하세요.
Immune cell composition,경고,면역세포 구성에 변화가 있습니다. 수면과 스트레스 상태를 확인하고 다음 주기에 재검사하세요.
Immune cell composition,위험,면역세포 구성이 크게 변했습니다. CMO에게 보고하고 감염 증상을 확인하세요. 지상 비행 의사와 상담하세요.
Inflammatory & immune markers,경고,"염증 지표가 높습니다. 발열, 통증, 피부 증상이 있는지 확인하고 재검사하세요."
Inflammatory & immune markers,위험,염증 지표가 크게 높습니다. CMO에게 보고하고 감염 증상을 확인하세요. 지상 비행 의사와 상담하세요.
Cellular stress markers,경고,세포 스트레스 지표가 높습니다. 방사선 모니터링 기록을 확인하고 차폐가 잘된 구역에서 머무는 시간을 늘리세요.
Cellular stress markers,위험,방사선이나 산화 스트레스에 의한 손상 가능성이 있습니다. 방사선 노출 기록을 확인하고 CMO에게 보고하세요. 지상 비행 의사와 상담하세요.
Motor Praxis (MP),경고,운동 협응 수행이 저하되었습니다. 충분히 쉬고 수면 상태를 확인한 뒤 재검사하세요. 그동안 중요한 작업은 동료와 이중 확인하세요.
Motor Praxis (MP),위험,"운동 협응 수행이 크게 저하되었습니다. 안전 필수 작업(EVA, 도킹 등)을 보류하고 CMO에게 보고하세요. 지상 비행 의사와 상담하세요."
Visual Object Learning Test (VOLT),경고,시각 학습과 기억 수행이 저하되었습니다. 충분히 쉬고 수면 상태를 확인한 뒤 재검사하세요. 그동안 중요한 작업은 동료와 이중 확인하세요.
Visual Object Learning Test (VOLT),위험,"시각 학습과 기억 수행이 크게 저하되었습니다. 안전 필수 작업(EVA, 도킹 등)을 보류하고 CMO에게 보고하세요. 지상 비행 의사와 상담하세요."
Fractal 2-Back (F2B),경고,작업 기억 수행이 저하되었습니다. 충분히 쉬고 수면 상태를 확인한 뒤 재검사하세요. 그동안 중요한 작업은 동료와 이중 확인하세요.
Fractal 2-Back (F2B),위험,"작업 기억 수행이 크게 저하되었습니다. 안전 필수 작업(EVA, 도킹 등)을 보류하고 CMO에게 보고하세요. 지상 비행 의사와 상담하세요."
Abstract Matching (AM),경고,추상 추론 수행이 저하되었습니다. 충분히 쉬고 수면 상태를 확인한 뒤 재검사하세요. 그동안 중요한 작업은 동료와 이중 확인하세요.
Abstract Matching (AM),위험,"추상 추론 수행이 크게 저하되었습니다. 안전 필수 작업(EVA, 도킹 등)을 보류하고 CMO에게 보고하세요. 지상 비행 의사와 상담하세요."
Line Orientation Test (LOT),경고,공간 지각 수행이 저하되었습니다. 충분히 쉬고 수면 상태를 확인한 뒤 재검사하세요. 그동안 중요한 작업은 동료와 이중 확인하세요.
Line Orientation Test (LOT),위험,"공간 지각 수행이 크게 저하되었습니다. 안전 필수 작업(EVA, 도킹 등)을 보류하고 CMO에게 보고하세요. 지상 비행 의사와 상담하세요."
Emotion Recognition Task (ERT),경고,감정 인식 수행이 저하되었습니다. 충분히 쉬고 수면 상태를 확인한 뒤 재검사하세요. 그동안 중요한 작업은 동료와 이중 확인하세요.
Emotion Recognition Task (ERT),위험,"감정 인식 수행이 크게 저하되었습니다. 안전 필수 작업(EVA, 도킹 등)을 보류하고 CMO에게 보고하세요. 지상 비행 의사와 상담하세요."
Matrix Reasoning Test (MRT),경고,문제 해결 수행이 저하되었습니다. 충분히 쉬고 수면 상태를 확인한 뒤 재검사하세요. 그동안 중요한 작업은 동료와 이중 확인하세요.
Matrix Reasoning Test (MRT),위험,"문제 해결 수행이 크게 저하되었습니다. 안전 필수 작업(EVA, 도킹 등)을 보류하고 CMO에게 보고하세요. 지상 비행 의사와 상담하세요."
Digit Symbol Substitution Test (DSST),경고,정신운동 속도 수행이 저하되었습니다. 충분히 쉬고 수면 상태를 확인한 뒤 재검사하세요. 그동안 중요한 작업은 동료와 이중 확인하세요.
Digit Symbol Substitution Test (DSST),위험,"정신운동 속도 수행이 크게 저하되었습니다. 안전 필수 작업(EVA, 도킹 등)을 보류하고 CMO에게 보고하세요. 지상 비행 의사와 상담하세요."
Balloon Analog Risk Task (BART),경고,위험 판단 수행이 저하되었습니다. 충분히 쉬고 수면 상태를 확인한 뒤 재검사하세요. 그동안 중요한 작업은 동료와 이중 확인하세요.
Balloon Analog Risk Task (BART),위험,"위험 판단 수행이 크게 저하되었습니다. 안전 필수 작업(EVA, 도킹 등)을 보류하고 CMO에게 보고하세요. 지상 비행 의사와 상담하세요."
Psychomotor Vigilance Test (PVT),경고,지속적 주의력 수행이 저하되었습니다. 충분히 쉬고 수면 상태를 확인한 뒤 재검사하세요. 그동안 중요한 작업은 동료와 이중 확인하세요.
Psychomotor Vigilance Test (PVT),위험,"지속적 주의력 수행이 크게 저하되었습니다. 안전 필수 작업(EVA, 도킹 등)을 보류하고 CMO에게 보고하세요. 지상 비행 의사와 상담하세요."
Fecal (Gut) microbiome,경고,장내 미생물 다양성이 낮아졌습니다. 식이섬유와 발효식품 섭취를 늘리고 소화 증상을 확인하세요.
Fecal (Gut) microbiome,위험,장내 미생물 다양성이 크게 낮아졌습니다. 복통이나 설사 같은 증상을 확인하고 CMO에게 보고하세요. 지상 비행 의사와 상담하세요.
Salivary (Oral) microbiome,경고,구강 미생물 다양성이 낮아졌습니다. 양치와 구강 위생을 강화하고 구강 증상을 확인하세요.
Salivary (Oral) microbiome,위험,"구강 미생물 다양성이 크게 낮아졌습니다. 통증, 부종, 발열을 확인하고 CMO에게 보고하세요. 지상 비행 의사와 상담하세요."
General body (Skin/Surface) microbiome,경고,피부 미생물 다양성이 낮아졌습니다. 피부 청결을 유지하고 피부 발진이 있는지 확인하세요.
General body (Skin/Surface) microbiome,위험,피부 미생물 다양성이 크게 낮아졌습니다. 피부 병변을 확인하고 사진을 남겨 CMO에게 보고하세요. 지상 비행 의사와 상담하세요.
Self-reported sleep quality,경고,수면 질이 낮다고 응답하셨습니다. 침실 환경을 점검하고 actigraphy 수치와 비교해 확인하세요.
Self-reported sleep quality,위험,수면 질이 매우 나쁘다고 응답하셨습니다. actigraphy 수치와 비교하고 CMO에게 보고하세요. 지상 비행 의사와 상담하세요.
Self-reported sleep duration,경고,체감 수면 시간이 부족합니다. 오늘은 무리한 일정을 줄이고 일찍 쉬세요.
Self-reported sleep duration,위험,체감 수면 시간이 크게 부족합니다. 안전 필수 작업을 보류하고 CMO에게 보고하세요. 지상 비행 의사와 수면 보충 계획을 상의하세요.
Mood,경고,"기분이 저조합니다. 잠시 개인 시간을 갖거나 동료, 지상 가족과 대화해 보세요."
Mood,위험,기분이 크게 저조합니다. CMO에게 알리고 지상 행동건강 담당과 비공개 상담을 요청하세요.
Team cohesion,경고,팀 단합이 낮아졌다고 느끼고 계십니다. 짧은 팀 대화 시간을 만들어 의견을 나눠 보세요.
Team cohesion,위험,팀 단합이 크게 낮습니다. 갈등이나 소통 문제가 있는지 확인하고 지상 행동건강 담당에게 보고하세요.
Habitability,경고,"거주 환경이 불편하다고 응답하셨습니다. 온도, 소음, 조명 상태를 점검하세요."
Habitability,위험,"거주 환경이 매우 부적합하다고 응답하셨습니다. 공기질과 온도, 소음을 점검하고 CMO와 지상에 보고하세요."
Visual input,경고,시각 정보 의존도가 평소와 다릅니다. 이동할 때 시각 단서를 확인하며 천천히 움직이세요.
Visual input,위험,시각 정보 처리에 큰 이상이 있습니다. 혼자 이동하지 말고 지원을 요청하세요. CMO에게 보고하세요.
Vestibular input,경고,전정 기능이 저하되었습니다. 머리를 급하게 돌리지 말고 손잡이를 잡고 천천히 움직이세요.
Vestibular input,위험,전정 기능이 크게 저하되어 어지러움이나 낙상 위험이 있습니다. 앉거나 누워서 안정을 취하고 지원을 요청하세요. CMO를 호출하세요.
Somatosensory input,경고,발과 관절의 감각 활용도가 낮습니다. 이동할 때 발밑을 확인하고 천천히 걸으세요.
Somatosensory input,위험,체성감각에 큰 이상이 있습니다. 혼자 서 있거나 걷지 말고 지원을 요청하세요. CMO에게 보고하세요.
Sensory reweighting,경고,감각 전환 능력이 저하되었습니다. 시각이 제한되는 환경(어두운 곳)에서는 특히 조심하세요.
Sensory reweighting,위험,감각 전환 능력이 크게 저하되었습니다. 이동할 때 반드시 동료의 도움을 받고 CMO에게 보고하세요.
Postural stability,경고,균형 유지가 불안정합니다. 손잡이를 잡고 이동하고 무거운 물건은 들지 마세요.
Postural stability,위험,균형이 크게 불안정하여 낙상 위험이 높습니다. 서 있지 말고 앉거나 누워서 안정을 취하세요. 의료진을 즉시 호출하세요.
